{
  "color_space": "13",
  "luma_weights": [
    0.2126,
    0.7152,
    0.0722
  ],
  "n_samples": 12,
  "neutral_gm": -0.015733545319145774,
  "neutral_wc": 0.043428841524429704,
  "pipeline_name": "Rec.709 (==reference)",
  "tonal_delivery_log2": [
    -1.7172017097473145,
    -1.6733365058898926,
    -1.6085186004638672,
    -1.5446797609329224,
    -1.5399209260940552,
    -1.510876178741455,
    -1.4834833145141602,
    -1.435681700706482,
    -1.4000437259674072,
    -1.3968640565872192,
    -1.394636869430542,
    -1.3673888444900513
  ],
  "tonal_ref_log2": [
    -1.7172017097473145,
    -1.6733365058898926,
    -1.6085186004638672,
    -1.5446797609329224,
    -1.5399209260940552,
    -1.510876178741455,
    -1.4834833145141602,
    -1.435681700706482,
    -1.4000437259674072,
    -1.3968640565872192,
    -1.394636869430542,
    -1.3673888444900513
  ]
}