{
  "color_space": "13",
  "luma_weights": [
    0.2126,
    0.7152,
    0.0722
  ],
  "n_samples": 12,
  "neutral_gm": -0.010588915821162705,
  "neutral_wc": 0.02872590958274636,
  "pipeline_name": "Rec.709 ToneMap=None",
  "tonal_delivery_log2": [
    -1.434436559677124,
    -1.4053150415420532,
    -1.3652067184448242,
    -1.3241758346557617,
    -1.3221317529678345,
    -1.3040536642074585,
    -1.2862157821655273,
    -1.2559503316879272,
    -1.2310932874679565,
    -1.2301876544952393,
    -1.2282723188400269,
    -1.2113420963287354
  ],
  "tonal_ref_log2": [
    -1.7172017097473145,
    -1.6733365058898926,
    -1.6085186004638672,
    -1.5446797609329224,
    -1.5399209260940552,
    -1.510876178741455,
    -1.4834833145141602,
    -1.435681700706482,
    -1.4000437259674072,
    -1.3968640565872192,
    -1.394636869430542,
    -1.3673888444900513
  ]
}